{
  "hash": "975c4ee3",
  "configHash": "d73556ef",
  "lockfileHash": "b065f9ed",
  "browserHash": "566cd04a",
  "optimized": {
    "@angular/core": {
      "src": "../../../../../../node_modules/@angular/core/fesm2022/core.mjs",
      "file": "@angular_core.js",
      "fileHash": "c742797a",
      "needsInterop": false
    },
    "@angular/platform-browser": {
      "src": "../../../../../../node_modules/@angular/platform-browser/fesm2022/platform-browser.mjs",
      "file": "@angular_platform-browser.js",
      "fileHash": "844730f5",
      "needsInterop": false
    },
    "@angular/router": {
      "src": "../../../../../../node_modules/@angular/router/fesm2022/router.mjs",
      "file": "@angular_router.js",
      "fileHash": "40e98cd7",
      "needsInterop": false
    },
    "@angular/common/http": {
      "src": "../../../../../../node_modules/@angular/common/fesm2022/http.mjs",
      "file": "@angular_common_http.js",
      "fileHash": "a083fdf4",
      "needsInterop": false
    },
    "@angular/common": {
      "src": "../../../../../../node_modules/@angular/common/fesm2022/common.mjs",
      "file": "@angular_common.js",
      "fileHash": "5f23494b",
      "needsInterop": false
    },
    "@angular/forms": {
      "src": "../../../../../../node_modules/@angular/forms/fesm2022/forms.mjs",
      "file": "@angular_forms.js",
      "fileHash": "4914d323",
      "needsInterop": false
    }
  },
  "chunks": {
    "chunk-7EKPPUJA": {
      "file": "chunk-7EKPPUJA.js"
    },
    "chunk-WREBD6OA": {
      "file": "chunk-WREBD6OA.js"
    },
    "chunk-YQPEOUL7": {
      "file": "chunk-YQPEOUL7.js"
    },
    "chunk-2UDGYMIF": {
      "file": "chunk-2UDGYMIF.js"
    }
  }
}